Source,Folder,Filename,Extension,Dataset Name,Filetype,Internal Layer Name,Static,Resolution,Units
Local,input/Data/Original,LandSeaMask,.nc,land_sea_mask,nc,LandSeaMask,Y,year,
Local,input/Data/Original/Land,hanpp_2005,.nc,HANPP,nc,HANPP,Y,year,gC/m2/year
Local,input/Data/Original/Land,AvailableWaterCapacity,.nc,AWC,nc,AWC,Y,year,mm
Local,input/Data/Original/Land,NPP,.nc,NPP,nc,LandNPP,Y,month,gC/m2/day
Local,input/Data/Original/Ocean,OceanNPP,.nc,NPP,nc,OceanNPP,Y,month,gC/m2/day
Local,input/Data/Original/Ocean,KennedyetalDTR_monthly_climatology,.nc,DTR,nc,OceanDTR,Y,month,degC
Local,input/Data/Original/Ocean,averaged_u_50y_top100m_monthly,.nc,uVel,nc,uVel,Y,month,cm/s
Local,input/Data/Original/Ocean,averaged_v_50y_top100m_monthly,.nc,vVel,nc,vVel,Y,month,cm/s
Local,input/Data/Original/Ocean,averaged_SST_50y_top100m_monthly,.nc,SST,nc,SST,Y,month,degC
FetchClimate,,,,temperature,,Temperature,Y,month,degC
FetchClimate,,,,land_dtr,,LandDTR,Y,month,degC
FetchClimate,,,,temperature_ocean,,OceanTemp,Y,month,degC
FetchClimate,,,,precipitation,,Precipitation,Y,month,degC
FetchClimate,,,,frost,,FrostDays,Y,month,degC
