Path,Filename
C:/Users/Tania/Desktop/madingley-wcmc_170317_Hunting_200717 - wStateFiles - Copy/Madingley/input/ModelStates,ModelState_1199995
C:/Users/Tania/Desktop/madingley-wcmc_170317_Hunting_200717 - wStateFiles - Copy/Madingley/input/ModelStates,ModelState_1199996
C:/Users/Tania/Desktop/madingley-wcmc_170317_Hunting_200717 - wStateFiles - Copy/Madingley/input/ModelStates,ModelState_1199997
C:/Users/Tania/Desktop/madingley-wcmc_170317_Hunting_200717 - wStateFiles - Copy/Madingley/input/ModelStates,ModelState_1199998
C:/Users/Tania/Desktop/madingley-wcmc_170317_Hunting_200717 - wStateFiles - Copy/Madingley/input/ModelStates,ModelState_1199999
C:/Users/Tania/Desktop/madingley-wcmc_170317_Hunting_200717 - wStateFiles - Copy/Madingley/input/ModelStates,ModelState_11999100
