Parameter,Value	
Timestep Units,Month
Length of simulation (years),1000
Burn-in (years),0
Impact duration (years),1000
Recovery duration (years),0
Top Latitude,1
Bottom Latitude,-1
Leftmost Longitude,14
Rightmost Longitude,16
Grid Cell Size,1
Read State,no
Specific Location File,SpecificLocations.csv
Plankton size threshold,0.01
Draw Randomly,yes
Extinction Threshold,1
Maximum Number Of Cohorts,1000
Run Cells In Parallel,no
Run Simulations In Parallel,no
Run Single Realm,
Impact Cell Index,all
Dispersal only,no
Dispersal only type,advection
